# source, target, width, color
1,328,5.583652019500732,"#727272
"
4,475,6.357879161834717,"#7b7b7b
"
6,69,5.709767818450928,"#737373
"
8,18,5.1193413734436035,"#6c6c6c
"
8,9,3.7212324142456055,"#545454
"
10,480,8.915810585021973,"#949494
"
10,665,5.962564945220947,"#767676
"
10,714,6.1870856285095215,"#797979
"
10,29,5.994235515594482,"#777777
"
11,574,5.808172225952148,"#747474
"
11,723,5.452445983886719,"#707070
"
11,287,5.675835132598877,"#737373
"
11,158,5.504758834838867,"#717171
"
11,580,5.507586479187012,"#717171
"
12,282,5.890175819396973,"#757575
"
12,545,5.675269603729248,"#737373
"
13,712,5.399850368499756,"#707070
"
13,124,5.538125514984131,"#717171
"
13,10,6.2509918212890625,"#797979
"
13,481,6.073128700256348,"#777777
"
15,287,5.725320339202881,"#737373
"
17,14,5.725603103637695,"#737373
"
17,152,7.755899906158447,"#8b8b8b
"
18,353,5.533035755157471,"#717171
"
18,344,5.869533538818359,"#757575
"
18,630,5.692518711090088,"#737373
"
19,285,5.527663230895996,"#717171
"
19,378,5.4094648361206055,"#707070
"
19,177,5.8008198738098145,"#747474
"
20,21,5.704960823059082,"#737373
"
20,277,6.24703311920166,"#797979
"
20,89,6.215362548828125,"#797979
"
22,287,5.787529945373535,"#747474
"
22,574,6.236570358276367,"#797979
"
22,163,5.711181640625,"#737373
"
22,158,5.787529945373535,"#747474
"
22,579,5.359131336212158,"#6f6f6f
"
23,269,5.7332377433776855,"#737373
"
24,415,4.704472541809082,"#666666
"
24,48,5.542084217071533,"#717171
"
24,533,6.1313796043396,"#787878
"
24,277,6.281530857086182,"#7a7a7a
"
24,416,3.471834897994995,"#4f4f4f
"
24,21,7.309969902038574,"#868686
"
25,726,4.942426681518555,"#6a6a6a
"
26,73,7.59641695022583,"#898989
"
26,25,6.257778167724609,"#7a7a7a
"
27,578,7.197426795959473,"#848484
"
27,47,7.63091516494751,"#898989
"
27,240,11.262699127197266,"#a3a3a3
"
27,30,17.302337646484375,"#c7c7c7
"
27,35,1.0,"#dcdcdc
"
28,27,18.072490692138672,"#cbcbcb
"
28,578,9.116264343261719,"#959595
"
28,30,13.215841293334961,"#b0b0b0
"
28,35,16.1785945892334,"#c1c1c1
"
28,240,12.700601577758789,"#adadad
"
28,47,7.674461841583252,"#8a8a8a
"
29,238,6.950284957885742,"#828282
"
29,234,6.999486923217773,"#828282
"
29,236,7.344467639923096,"#868686
"
29,578,7.348144054412842,"#868686
"
29,31,10.940187454223633,"#a1a1a1
"
29,33,12.300191879272461,"#aaaaaa
"
29,34,9.930480003356934,"#9a9a9a
"
29,233,10.291692733764648,"#9d9d9d
"
29,241,6.388418674468994,"#7b7b7b
"
29,30,17.439266204833984,"#c8c8c8
"
29,240,7.443154811859131,"#878787
"
29,232,7.536752223968506,"#888888
"
29,28,12.306642532348633,"#aaaaaa
"
29,235,14.123501777648926,"#b5b5b5
"
29,35,15.22875690460205,"#bbbbbb
"
29,32,14.893655776977539,"#b9b9b9
"
29,27,16.18552589416504,"#c1c1c1
"
30,480,5.361110687255859,"#6f6f6f
"
30,578,9.950822830200195,"#9b9b9b
"
30,47,7.845820903778076,"#8c8c8c
"
30,240,8.981305122375488,"#949494
"
31,33,18.731136322021484,"#cfcfcf
"
31,27,14.499045372009277,"#b7b7b7
"
31,241,11.761846542358398,"#a7a7a7
"
31,704,6.065776824951172,"#777777
"
31,28,14.47304630279541,"#b7b7b7
"
31,35,12.271910667419434,"#aaaaaa
"
31,47,9.509231567382812,"#989898
"
31,240,9.401561737060547,"#979797
"
31,160,6.375411033630371,"#7b7b7b
"
31,30,10.977896690368652,"#a1a1a1
"
31,578,7.283671855926514,"#858585
"
32,28,18.087512969970703,"#cccccc
"
32,241,10.084789276123047,"#9b9b9b
"
32,578,8.363076210021973,"#909090
"
32,47,8.321894645690918,"#909090
"
32,160,5.8715128898620605,"#757575
"
32,27,16.71822166442871,"#c4c4c4
"
32,35,15.160002708435059,"#bbbbbb
"
32,30,12.79487419128418,"#adadad
"
32,240,10.487680435180664,"#9e9e9e
"
32,31,19.523822784423828,"#d4d4d4
"
32,33,19.523822784423828,"#d4d4d4
"
33,30,12.809263229370117,"#adadad
"
33,35,15.160002708435059,"#bbbbbb
"
33,47,8.788294792175293,"#939393
"
33,240,11.016101837158203,"#a2a2a2
"
33,28,18.427234649658203,"#cdcdcd
"
33,578,7.2084550857543945,"#858585
"
33,27,19.41636085510254,"#d3d3d3
"
34,28,15.637232780456543,"#bebebe
"
34,233,15.092405319213867,"#bbbbbb
"
34,33,12.9591064453125,"#aeaeae
"
34,31,11.664597511291504,"#a6a6a6
"
34,160,5.833621501922607,"#757575
"
34,241,7.1626458168029785,"#848484
"
34,47,8.298078536987305,"#909090
"
34,578,8.799707412719727,"#939393
"
34,30,8.899933815002441,"#949494
"
34,240,9.222444534301758,"#969696
"
34,35,10.375545501708984,"#9d9d9d
"
34,27,11.218043327331543,"#a3a3a3
"
34,32,16.224815368652344,"#c1c1c1
"
34,285,5.6204118728637695,"#727272
"
35,578,8.06884765625,"#8e8e8e
"
35,47,8.045031547546387,"#8e8e8e
"
35,240,7.819240570068359,"#8c8c8c
"
35,30,17.706768035888672,"#c9c9c9
"
36,38,6.600214004516602,"#7e7e7e
"
36,40,7.271512985229492,"#858585
"
39,38,2.9513349533081055,"#454545
"
39,37,2.5059869289398193,"#343434
"
40,379,4.762235641479492,"#676767
"
42,41,4.172436714172363,"#5c5c5c
"
42,40,3.3897316455841064,"#4e4e4e
"
43,42,3.8934311866760254,"#575757
"
44,177,5.531904697418213,"#717171
"
45,44,3.779176950454712,"#555555
"
46,239,6.813140869140625,"#808080
"
46,28,6.420654296875,"#7b7b7b
"
46,236,6.388701438903809,"#7b7b7b
"
46,399,5.982924461364746,"#767676
"
46,32,5.798274993896484,"#747474
"
46,177,5.782722473144531,"#747474
"
46,234,5.774522304534912,"#747474
"
46,285,5.727299690246582,"#737373
"
46,47,5.719947338104248,"#737373
"
46,31,6.085853576660156,"#787878
"
46,659,5.658020496368408,"#737373
"
46,19,5.692518711090088,"#737373
"
46,237,9.915595054626465,"#9a9a9a
"
46,530,4.687761306762695,"#656565
"
46,704,7.997103691101074,"#8e8e8e
"
46,235,7.880036354064941,"#8c8c8c
"
46,233,7.882298469543457,"#8c8c8c
"
46,34,8.238537788391113,"#8f8f8f
"
46,238,9.671479225158691,"#999999
"
46,578,7.06056547164917,"#838383
"
46,232,7.120230197906494,"#848484
"
47,578,9.058212280273438,"#959595
"
48,483,12.047640800476074,"#a8a8a8
"
48,277,5.692518711090088,"#737373
"
48,52,8.664252281188965,"#929292
"
48,430,5.879430294036865,"#757575
"
48,53,10.168146133422852,"#9c9c9c
"
48,577,9.165881156921387,"#959595
"
49,574,7.073007583618164,"#838383
"
49,482,7.238711357116699,"#858585
"
49,452,5.953516483306885,"#767676
"
49,159,6.036651134490967,"#777777
"
49,579,7.3648271560668945,"#868686
"
49,287,9.967693328857422,"#9b9b9b
"
49,708,5.695911884307861,"#737373
"
49,580,5.950971603393555,"#767676
"
49,431,5.522290229797363,"#717171
"
49,284,5.522290229797363,"#717171
"
49,420,5.650951385498047,"#737373
"
49,158,5.607970237731934,"#727272
"
49,752,5.280238151550293,"#6e6e6e
"
49,408,5.41738224029541,"#707070
"
49,347,11.742992401123047,"#a6a6a6
"
50,287,7.990882873535156,"#8e8e8e
"
50,579,7.4807634353637695,"#888888
"
50,51,9.861512184143066,"#9a9a9a
"
50,400,7.576905727386475,"#898989
"
50,54,5.429258823394775,"#707070
"
50,482,5.94559907913208,"#767676
"
51,323,7.637418746948242,"#8a8a8a
"
52,101,5.390519142150879,"#707070
"
52,441,4.552254676818848,"#636363
"
52,577,12.874261856079102,"#aeaeae
"
52,430,6.550729274749756,"#7d7d7d
"
52,483,7.593306541442871,"#898989
"
52,53,10.719391822814941,"#a0a0a0
"
53,483,16.559337615966797,"#c3c3c3
"
53,430,7.407526016235352,"#878787
"
54,287,10.295661926269531,"#9d9d9d
"
54,574,7.154445648193359,"#848484
"
54,482,5.94559907913208,"#767676
"
54,420,5.818351745605469,"#747474
"
54,103,3.7530202865600586,"#555555
"
56,63,3.5681064128875732,"#515151
"
60,61,3.1644928455352783,"#4a4a4a
"
62,61,3.30145263671875,"#4c4c4c
"
64,258,2.890632390975952,"#434343
"
66,351,6.873371124267578,"#818181
"
66,282,6.252688407897949,"#797979
"
66,70,5.353193283081055,"#6f6f6f
"
66,662,5.572340965270996,"#727272
"
67,435,7.274340629577637,"#858585
"
67,627,4.240916728973389,"#5d5d5d
"
68,206,6.52612829208374,"#7d7d7d
"
68,579,7.0093841552734375,"#828282
"
68,54,7.182722568511963,"#848484
"
69,351,5.7852678298950195,"#747474
"
69,574,6.647154331207275,"#7e7e7e
"
69,287,5.434065818786621,"#707070
"
69,579,5.607970237731934,"#727272
"
71,492,2.468923807144165,"#323232
"
72,73,7.274340629577637,"#858585
"
72,135,7.064806938171387,"#838383
"
72,26,11.137167930603027,"#a2a2a2
"
72,727,5.986318111419678,"#767676
"
72,25,12.239659309387207,"#aaaaaa
"
74,274,4.5251898765563965,"#626262
"
74,136,7.182722568511963,"#848484
"
74,403,6.004415512084961,"#777777
"
74,425,6.004415512084961,"#777777
"
74,141,6.004415512084961,"#777777
"
74,349,6.004415512084961,"#777777
"
74,479,7.182722568511963,"#848484
"
75,361,3.9045114517211914,"#575757
"
77,656,4.586222171783447,"#646464
"
77,76,4.219482421875,"#5d5d5d
"
78,83,4.666690826416016,"#656565
"
79,198,3.2665770053863525,"#4c4c4c
"
82,291,3.726318359375,"#545454
"
84,709,4.509931564331055,"#626262
"
86,603,4.4487175941467285,"#616161
"
86,606,3.3383264541625977,"#4d4d4d
"
88,21,5.6308746337890625,"#727272
"
90,243,3.30672025680542,"#4c4c4c
"
91,299,3.2929153442382812,"#4c4c4c
"
91,92,6.979127407073975,"#828282
"
92,640,6.664968967437744,"#7e7e7e
"
92,298,3.4089860916137695,"#4e4e4e
"
93,452,4.8922929763793945,"#696969
"
95,98,5.056849002838135,"#6c6c6c
"
97,96,9.548924446105957,"#989898
"
97,543,2.8188703060150146,"#404040
"
99,100,7.501122951507568,"#888888
"
100,104,4.509568214416504,"#626262
"
101,515,3.569377899169922,"#515151
"
104,553,4.378239631652832,"#606060
"
104,169,3.670553684234619,"#535353
"
106,127,3.8781731128692627,"#575757
"
107,599,6.03240966796875,"#777777
"
108,598,3.497265100479126,"#505050
"
108,597,3.8113279342651367,"#565656
"
109,656,4.163717746734619,"#5c5c5c
"
109,110,2.7807939052581787,"#3e3e3e
"
111,323,6.109889030456543,"#787878
"
113,361,3.6716434955596924,"#535353
"
114,133,2.5530121326446533,"#363636
"
115,130,2.9038028717041016,"#434343
"
117,352,5.607970237731934,"#727272
"
118,719,5.417665004730225,"#707070
"
118,353,7.042468070983887,"#838383
"
119,51,5.768867015838623,"#747474
"
120,149,7.075835227966309,"#838383
"
121,764,3.5161561965942383,"#505050
"
123,436,5.385146617889404,"#6f6f6f
"
123,24,9.640220642089844,"#999999
"
125,327,4.521920204162598,"#626262
"
127,126,4.665782451629639,"#656565
"
128,656,7.261615753173828,"#858585
"
129,128,5.011040210723877,"#6b6b6b
"
134,438,4.077436923980713,"#5a5a5a
"
134,437,3.635314702987671,"#525252
"
134,435,5.583652019500732,"#727272
"
134,348,6.930208206176758,"#818181
"
134,432,6.930208206176758,"#818181
"
134,442,4.711738586425781,"#666666
"
135,73,6.600496768951416,"#7e7e7e
"
135,587,5.468564033508301,"#707070
"
135,116,4.418201446533203,"#616161
"
135,26,7.60857629776001,"#898989
"
136,463,8.425098419189453,"#919191
"
136,464,5.542084217071533,"#717171
"
136,479,6.940387725830078,"#818181
"
136,352,6.215362548828125,"#797979
"
136,425,6.888640880584717,"#818181
"
136,403,5.587045192718506,"#727272
"
136,349,5.587045192718506,"#727272
"
136,275,5.1428117752075195,"#6d6d6d
"
136,310,5.493730545043945,"#717171
"
136,713,3.6427621841430664,"#535353
"
136,465,2.778176784515381,"#3e3e3e
"
137,703,5.3871259689331055,"#6f6f6f
"
137,317,5.493730545043945,"#717171
"
137,66,5.556788444519043,"#717171
"
137,70,5.716836929321289,"#737373
"
137,452,7.933480262756348,"#8d8d8d
"
137,423,6.769876956939697,"#7f7f7f
"
137,707,5.368180274963379,"#6f6f6f
"
137,333,5.8616156578063965,"#757575
"
137,16,5.7306928634643555,"#737373
"
137,431,6.359858512878418,"#7b7b7b
"
137,654,6.263998985290527,"#7a7a7a
"
137,434,6.586924076080322,"#7d7d7d
"
137,701,6.50633430480957,"#7c7c7c
"
137,718,7.006839275360107,"#828282
"
137,662,6.687873363494873,"#7f7f7f
"
138,489,7.536186695098877,"#888888
"
139,534,7.003445625305176,"#828282
"
139,401,5.440852165222168,"#707070
"
140,528,3.9021501541137695,"#575757
"
141,396,3.607523202896118,"#525252
"
142,136,5.587045192718506,"#727272
"
142,74,6.004415512084961,"#777777
"
142,722,7.89530611038208,"#8d8d8d
"
142,426,7.197709560394287,"#848484
"
143,559,6.802112579345703,"#808080
"
143,348,6.036651134490967,"#777777
"
143,721,6.670341491699219,"#7e7e7e
"
144,714,6.362968921661377,"#7b7b7b
"
145,10,5.762080192565918,"#747474
"
145,653,6.975168704986572,"#828282
"
145,665,6.043720722198486,"#777777
"
145,162,5.8138275146484375,"#747474
"
146,261,2.67846941947937,"#3b3b3b
"
146,709,6.036651134490967,"#777777
"
146,352,5.4510321617126465,"#707070
"
146,121,5.415402889251709,"#707070
"
146,267,7.919907093048096,"#8d8d8d
"
147,159,5.828248977661133,"#757575
"
147,422,6.067190647125244,"#777777
"
147,427,6.2150797843933105,"#797979
"
148,155,5.869533538818359,"#757575
"
148,157,6.887792587280273,"#818181
"
148,431,5.950971603393555,"#767676
"
148,420,6.060969352722168,"#777777
"
148,54,5.869533538818359,"#757575
"
148,344,5.900355339050293,"#757575
"
150,707,5.446507930755615,"#707070
"
150,333,5.760666370391846,"#747474
"
150,716,5.875471591949463,"#757575
"
150,137,6.074825286865234,"#777777
"
151,245,5.767170429229736,"#747474
"
151,543,5.6339850425720215,"#727272
"
151,692,7.124471664428711,"#848484
"
151,736,6.103102207183838,"#787878
"
151,739,3.6191484928131104,"#525252
"
152,150,5.78781270980835,"#747474
"
152,14,5.760383605957031,"#747474
"
153,205,7.866180419921875,"#8c8c8c
"
153,158,6.079349517822266,"#777777
"
153,766,6.31913948059082,"#7a7a7a
"
154,205,8.36506175994873,"#909090
"
154,574,6.724350452423096,"#7f7f7f
"
154,153,7.852607727050781,"#8c8c8c
"
154,70,6.9251179695129395,"#818181
"
154,482,7.030026435852051,"#828282
"
154,287,6.724350452423096,"#7f7f7f
"
154,50,5.546326160430908,"#717171
"
155,246,6.573633670806885,"#7d7d7d
"
155,630,8.389869689941406,"#909090
"
155,353,6.1381659507751465,"#787878
"
155,433,6.732268333435059,"#7f7f7f
"
155,661,6.813706398010254,"#808080
"
155,657,7.078662872314453,"#838383
"
155,50,5.817220687866211,"#747474
"
155,579,7.8410139083862305,"#8c8c8c
"
155,69,7.212979316711426,"#858585
"
156,579,6.489650726318359,"#7c7c7c
"
156,344,5.376945972442627,"#6f6f6f
"
156,353,8.12193775177002,"#8f8f8f
"
156,346,7.849497318267822,"#8c8c8c
"
156,424,6.0830254554748535,"#787878
"
156,50,5.900355339050293,"#757575
"
156,68,6.52612829208374,"#7d7d7d
"
156,630,5.692518711090088,"#737373
"
156,54,5.415402889251709,"#707070
"
157,400,5.464888095855713,"#707070
"
157,346,9.308281898498535,"#969696
"
157,344,10.605769157409668,"#9f9f9f
"
157,579,7.199123382568359,"#848484
"
157,574,7.154445648193359,"#848484
"
157,50,7.951860427856445,"#8d8d8d
"
157,158,7.467190742492676,"#888888
"
157,203,5.652365207672119,"#737373
"
157,155,5.594114303588867,"#727272
"
157,51,6.644608974456787,"#7e7e7e
"
157,630,6.702859878540039,"#7f7f7f
"
157,287,6.744992733001709,"#7f7f7f
"
157,661,6.89712381362915,"#818181
"
157,433,6.206879615783691,"#797979
"
157,353,6.206879615783691,"#797979
"
157,205,6.342043876647949,"#7b7b7b
"
157,54,6.644608974456787,"#7e7e7e
"
157,580,5.944185256958008,"#767676
"
157,22,6.144670009613037,"#787878
"
158,579,7.965998649597168,"#8d8d8d
"
158,287,6.196699619293213,"#797979
"
158,344,8.811119079589844,"#939393
"
158,54,6.49983024597168,"#7c7c7c
"
158,574,6.256929874420166,"#7a7a7a
"
158,482,7.300355434417725,"#868686
"
158,50,6.698335647583008,"#7f7f7f
"
159,15,7.665412902832031,"#8a8a8a
"
159,287,13.195619583129883,"#b0b0b0
"
160,28,6.688438892364502,"#7f7f7f
"
160,324,5.419644355773926,"#707070
"
161,188,6.189630508422852,"#797979
"
162,399,8.818561553955078,"#939393
"
162,282,5.405223369598389,"#707070
"
162,653,12.98193073272705,"#afafaf
"
162,714,7.780218124389648,"#8b8b8b
"
162,716,6.674017429351807,"#7e7e7e
"
162,705,6.432530879974365,"#7c7c7c
"
162,177,6.412171363830566,"#7b7b7b
"
163,54,7.043881893157959,"#838383
"
163,630,7.633177280426025,"#898989
"
163,579,7.8410139083862305,"#8c8c8c
"
163,325,6.177753925323486,"#797979
"
163,661,5.923825740814209,"#767676
"
163,200,5.5861968994140625,"#727272
"
163,344,5.376945972442627,"#6f6f6f
"
164,717,6.782601356506348,"#808080
"
164,183,4.4063944816589355,"#606060
"
164,161,5.731541156768799,"#737373
"
165,172,4.686126708984375,"#656565
"
167,166,1.0444997549057007,"#010101
"
168,141,4.364434719085693,"#606060
"
170,169,10.614699363708496,"#9f9f9f
"
171,361,2.8575375080108643,"#414141
"
173,176,3.2805635929107666,"#4c4c4c
"
174,172,3.458211660385132,"#4f4f4f
"
175,485,3.374655246734619,"#4e4e4e
"
176,382,6.312070369720459,"#7a7a7a
"
179,184,5.4063544273376465,"#707070
"
180,181,2.3281853199005127,"#2d2d2d
"
184,277,5.280520915985107,"#6e6e6e
"
185,53,6.036651134490967,"#777777
"
185,382,6.313484191894531,"#7a7a7a
"
188,49,5.879430294036865,"#757575
"
190,332,4.234740734100342,"#5d5d5d
"
190,569,5.351496696472168,"#6f6f6f
"
191,124,5.611928939819336,"#727272
"
192,433,5.660282611846924,"#737373
"
193,623,2.928961992263794,"#444444
"
193,192,4.46397590637207,"#616161
"
194,423,5.700436115264893,"#737373
"
195,753,5.161191463470459,"#6d6d6d
"
195,754,3.5096168518066406,"#505050
"
196,384,4.669233798980713,"#656565
"
196,383,5.179571628570557,"#6d6d6d
"
196,74,11.734061241149902,"#a6a6a6
"
197,32,6.017139911651611,"#777777
"
197,401,8.54269027709961,"#919191
"
197,582,3.9777140617370605,"#595959
"
197,27,6.7744011878967285,"#808080
"
197,30,5.455556392669678,"#707070
"
197,34,5.462908744812012,"#707070
"
197,28,5.678097248077393,"#737373
"
197,404,5.916473388671875,"#767676
"
197,241,6.057858943939209,"#777777
"
197,240,6.290579795837402,"#7a7a7a
"
197,35,6.759979724884033,"#7f7f7f
"
198,658,5.499385833740234,"#717171
"
198,155,5.935136318206787,"#767676
"
198,279,7.051799774169922,"#838383
"
198,630,6.801547050476074,"#808080
"
199,269,6.795608997344971,"#808080
"
199,23,6.840286731719971,"#808080
"
200,630,6.836045265197754,"#808080
"
200,657,6.004415512084961,"#777777
"
200,353,8.042550086975098,"#8e8e8e
"
200,579,5.935136318206787,"#767676
"
200,270,5.499385833740234,"#717171
"
201,723,7.494619369506836,"#888888
"
201,50,5.540104866027832,"#717171
"
201,762,3.8347601890563965,"#565656
"
201,420,6.721805572509766,"#7f7f7f
"
201,281,6.346568584442139,"#7b7b7b
"
201,431,6.80776834487915,"#808080
"
202,54,5.415402889251709,"#707070
"
202,68,5.897810459136963,"#757575
"
202,433,6.214514255523682,"#797979
"
203,433,6.843114376068115,"#808080
"
203,287,5.780460357666016,"#747474
"
203,579,5.900355339050293,"#757575
"
203,54,7.078662872314453,"#838383
"
203,3,3.937570810317993,"#585858
"
204,249,5.808172225952148,"#747474
"
204,271,7.164907932281494,"#848484
"
204,270,6.736227035522461,"#7f7f7f
"
205,351,6.304718494415283,"#7a7a7a
"
205,574,6.733116626739502,"#7f7f7f
"
205,579,6.323380947113037,"#7a7a7a
"
205,482,5.671310901641846,"#737373
"
205,22,6.2348737716674805,"#797979
"
205,662,5.622391223907471,"#727272
"
205,69,6.323380947113037,"#7a7a7a
"
209,695,5.50164794921875,"#717171
"
212,241,4.4901323318481445,"#626262
"
213,638,6.104516506195068,"#787878
"
214,315,5.486661434173584,"#717171
"
214,434,7.906616687774658,"#8d8d8d
"
214,311,7.233338832855225,"#858585
"
214,80,3.7077908515930176,"#545454
"
214,701,8.660283088684082,"#929292
"
214,423,6.508030891418457,"#7c7c7c
"
214,452,6.870826244354248,"#818181
"
214,662,5.758121490478516,"#747474
"
214,70,5.822310447692871,"#757575
"
214,137,12.808767318725586,"#adadad
"
214,317,5.493730545043945,"#717171
"
214,130,5.124148845672607,"#6c6c6c
"
214,654,8.529789924621582,"#919191
"
215,716,6.034671783447266,"#777777
"
215,484,6.133076190948486,"#787878
"
215,282,9.7925443649292,"#9a9a9a
"
215,162,7.1371965408325195,"#848484
"
216,24,2.8216562271118164,"#404040
"
218,558,4.025486469268799,"#595959
"
219,435,6.226956367492676,"#797979
"
219,67,7.723098278045654,"#8b8b8b
"
220,202,6.711343288421631,"#7f7f7f
"
220,424,6.946891784667969,"#828282
"
222,166,2.591257333755493,"#373737
"
223,428,2.801140785217285,"#3f3f3f
"
224,273,5.094740390777588,"#6c6c6c
"
225,133,4.005868911743164,"#595959
"
226,227,3.9964234828948975,"#595959
"
226,224,4.276700496673584,"#5e5e5e
"
228,222,4.119760036468506,"#5b5b5b
"
228,229,10.484703063964844,"#9e9e9e
"
229,223,2.951925754547119,"#454545
"
229,231,2.8642070293426514,"#424242
"
230,231,3.652207612991333,"#535353
"
232,160,8.360595703125,"#909090
"
232,35,7.803688049316406,"#8b8b8b
"
232,578,7.577188491821289,"#898989
"
232,31,9.570755958557129,"#989898
"
232,285,5.765756607055664,"#747474
"
232,233,16.297035217285156,"#c1c1c1
"
232,30,6.88948917388916,"#818181
"
232,47,6.511989593505859,"#7c7c7c
"
232,27,9.651632308959961,"#999999
"
232,241,9.819833755493164,"#9a9a9a
"
232,28,14.954320907592773,"#bababa
"
232,34,15.092405319213867,"#bbbbbb
"
232,33,10.094216346740723,"#9c9c9c
"
232,32,11.760357856750488,"#a7a7a7
"
232,240,8.043046951293945,"#8e8e8e
"
233,704,5.4572529792785645,"#707070
"
233,160,6.788822650909424,"#808080
"
233,285,6.812575340270996,"#808080
"
233,28,17.972537994384766,"#cbcbcb
"
233,47,9.049777030944824,"#959595
"
233,240,8.852300643920898,"#939393
"
233,31,12.680754661560059,"#adadad
"
233,27,11.987604141235352,"#a8a8a8
"
233,32,15.071605682373047,"#bababa
"
233,33,13.166153907775879,"#b0b0b0
"
233,30,10.003913879394531,"#9b9b9b
"
233,578,9.51766586303711,"#989898
"
233,35,11.492921829223633,"#a5a5a5
"
233,241,10.157726287841797,"#9c9c9c
"
234,233,12.994831085205078,"#afafaf
"
234,240,7.306293964385986,"#868686
"
234,27,7.855435371398926,"#8c8c8c
"
234,33,7.95977783203125,"#8d8d8d
"
234,34,9.086493492126465,"#959595
"
234,30,6.4692912101745605,"#7c7c7c
"
234,35,6.4890851974487305,"#7c7c7c
"
234,160,6.675431251525879,"#7e7e7e
"
234,241,7.177350044250488,"#848484
"
234,285,5.497123718261719,"#717171
"
234,578,5.525118350982666,"#717171
"
234,232,12.738310813903809,"#adadad
"
234,31,9.968685150146484,"#9b9b9b
"
234,28,9.584153175354004,"#989898
"
234,32,9.3008394241333,"#969696
"
235,30,13.973861694335938,"#b4b4b4
"
235,27,12.302176475524902,"#aaaaaa
"
235,233,7.451638221740723,"#878787
"
235,578,7.032571315765381,"#838383
"
235,234,7.02804708480835,"#828282
"
235,232,6.80380916595459,"#808080
"
235,47,6.370321273803711,"#7b7b7b
"
235,241,5.508152008056641,"#717171
"
235,238,10.780917167663574,"#a0a0a0
"
235,32,11.131213188171387,"#a2a2a2
"
235,33,9.277023315429688,"#969696
"
235,28,9.677928924560547,"#999999
"
235,34,11.942949295043945,"#a8a8a8
"
235,31,11.157014846801758,"#a3a3a3
"
235,35,11.7117338180542,"#a6a6a6
"
235,236,7.651274681091309,"#8a8a8a
"
235,240,8.926230430603027,"#949494
"
236,31,13.1372652053833,"#afafaf
"
236,240,5.924956798553467,"#767676
"
236,704,6.493609428405762,"#7c7c7c
"
236,30,6.875633239746094,"#818181
"
236,160,6.8934478759765625,"#818181
"
236,234,7.800577640533447,"#8b8b8b
"
236,578,7.839034557342529,"#8c8c8c
"
236,238,7.919058799743652,"#8d8d8d
"
236,35,8.020718574523926,"#8e8e8e
"
236,27,8.89199447631836,"#949494
"
236,232,8.388381004333496,"#909090
"
236,34,10.11158275604248,"#9c9c9c
"
236,28,9.974639892578125,"#9b9b9b
"
236,47,9.624838829040527,"#989898
"
236,241,9.298358917236328,"#969696
"
236,32,11.65467357635498,"#a6a6a6
"
236,233,10.671263694763184,"#9f9f9f
"
236,33,10.518939018249512,"#9e9e9e
"
237,238,16.59284782409668,"#c3c3c3
"
237,234,8.173539161682129,"#8f8f8f
"
237,232,8.682610511779785,"#929292
"
237,27,7.850062847137451,"#8c8c8c
"
237,29,7.885408878326416,"#8c8c8c
"
237,35,7.5327935218811035,"#888888
"
237,47,7.567008972167969,"#898989
"
237,241,6.29680061340332,"#7a7a7a
"
237,240,7.19346809387207,"#848484
"
237,235,14.336695671081543,"#b6b6b6
"
237,239,12.933802604675293,"#aeaeae
"
237,578,9.39163875579834,"#979797
"
237,233,9.35641098022461,"#979797
"
237,32,9.995478630065918,"#9b9b9b
"
237,28,9.920061111450195,"#9a9a9a
"
237,31,12.42919635772705,"#ababab
"
237,34,11.664597511291504,"#a6a6a6
"
237,236,12.732357025146484,"#adadad
"
237,30,9.232864379882812,"#969696
"
237,33,9.212024688720703,"#969696
"
238,47,8.281208038330078,"#909090
"
238,31,8.462310791015625,"#919191
"
238,33,7.952991485595703,"#8d8d8d
"
238,578,8.055450439453125,"#8e8e8e
"
238,234,6.912959098815918,"#818181
"
238,30,7.639680862426758,"#8a8a8a
"
238,35,6.088115692138672,"#787878
"
238,27,6.5498809814453125,"#7d7d7d
"
238,285,5.369594097137451,"#6f6f6f
"
238,240,5.405223369598389,"#707070
"
238,34,16.33112144470215,"#c2c2c2
"
238,28,8.692037582397461,"#929292
"
238,32,10.041126251220703,"#9b9b9b
"
238,232,10.564586639404297,"#9f9f9f
"
238,233,11.024041175842285,"#a2a2a2
"
239,235,12.618237495422363,"#acacac
"
239,241,5.705526351928711,"#737373
"
239,240,6.0550312995910645,"#777777
"
239,578,7.066504001617432,"#838383
"
239,33,7.212696552276611,"#858585
"
239,35,6.654506206512451,"#7e7e7e
"
239,27,6.947740077972412,"#828282
"
239,234,9.531063079833984,"#989898
"
239,31,8.449906349182129,"#919191
"
239,238,11.646239280700684,"#a6a6a6
"
239,32,10.080324172973633,"#9b9b9b
"
239,29,8.066863059997559,"#8e8e8e
"
239,28,7.622997283935547,"#898989
"
239,34,8.291131973266602,"#909090
"
239,232,8.256896018981934,"#8f8f8f
"
239,233,7.545800685882568,"#888888
"
239,30,7.430995941162109,"#878787
"
240,578,6.57335090637207,"#7d7d7d
"
241,30,7.675310134887695,"#8a8a8a
"
241,578,6.558081150054932,"#7d7d7d
"
241,28,8.28914737701416,"#909090
"
241,160,7.933480262756348,"#8d8d8d
"
241,33,9.235344886779785,"#969696
"
241,27,8.515896797180176,"#919191
"
241,35,11.506319046020508,"#a5a5a5
"
241,240,6.538569927215576,"#7d7d7d
"
241,47,10.585922241210938,"#9f9f9f
"
242,221,2.994476556777954,"#474747
"
243,283,5.385146617889404,"#6f6f6f
"
244,692,5.76547384262085,"#747474
"
244,737,3.518880844116211,"#505050
"
244,151,6.142407417297363,"#787878
"
246,303,4.742799758911133,"#666666
"
247,574,5.359131336212158,"#6f6f6f
"
247,351,5.7555766105651855,"#747474
"
248,435,5.808172225952148,"#747474
"
249,271,6.750648498535156,"#7f7f7f
"
250,337,6.914655685424805,"#818181
"
250,338,5.702132701873779,"#737373
"
250,339,5.167129993438721,"#6d6d6d
"
252,253,5.361676216125488,"#6f6f6f
"
253,595,5.324633598327637,"#6f6f6f
"
253,626,4.742799758911133,"#666666
"
253,625,6.275027275085449,"#7a7a7a
"
256,540,7.81358528137207,"#8c8c8c
"
256,539,7.004859447479248,"#828282
"
256,322,6.1760573387146,"#797979
"
257,120,2.8925743103027344,"#434343
"
258,130,2.982994556427002,"#464646
"
259,653,5.924391269683838,"#767676
"
260,352,4.234740734100342,"#5d5d5d
"
262,146,6.557798385620117,"#7d7d7d
"
265,136,4.509931564331055,"#626262
"
267,121,7.6710686683654785,"#8a8a8a
"
268,287,8.537232398986816,"#919191
"
268,178,5.617584228515625,"#727272
"
268,482,5.502779483795166,"#717171
"
268,49,5.9936699867248535,"#767676
"
268,579,7.037378311157227,"#838383
"
268,54,7.099022388458252,"#838383
"
269,630,7.117119789123535,"#838383
"
269,344,6.116109848022461,"#787878
"
269,163,5.801950931549072,"#747474
"
269,487,6.256929874420166,"#7a7a7a
"
269,51,6.122330665588379,"#787878
"
269,155,5.561595439910889,"#717171
"
269,661,5.520593643188477,"#717171
"
269,658,5.66395902633667,"#737373
"
269,111,5.583652019500732,"#727272
"
269,346,5.434065818786621,"#707070
"
269,202,5.434065818786621,"#707070
"
269,353,7.603486061096191,"#898989
"
270,487,7.093367099761963,"#838383
"
271,270,7.093367099761963,"#838383
"
271,163,6.140710830688477,"#787878
"
271,630,6.316311836242676,"#7a7a7a
"
271,346,5.9136457443237305,"#767676
"
271,663,7.260201930999756,"#858585
"
272,720,5.549153804779053,"#717171
"
272,707,5.37270450592041,"#6f6f6f
"
272,215,7.170280933380127,"#848484
"
272,484,6.528955936431885,"#7d7d7d
"
272,162,6.432530879974365,"#7c7c7c
"
272,668,4.216939449310303,"#5d5d5d
"
272,538,7.412615776062012,"#878787
"
272,716,7.829420566558838,"#8c8c8c
"
273,330,5.992538928985596,"#767676
"
273,630,6.043154716491699,"#777777
"
273,574,7.181308746337891,"#848484
"
273,429,6.110737323760986,"#787878
"
273,661,6.204334735870361,"#797979
"
273,579,6.452890396118164,"#7c7c7c
"
273,718,6.644326210021973,"#7e7e7e
"
273,158,5.956626892089844,"#767676
"
273,287,5.614473819732666,"#727272
"
273,22,6.975451469421387,"#828282
"
273,433,8.978824615478516,"#949494
"
273,69,7.440044403076172,"#878787
"
275,624,5.771129131317139,"#747474
"
275,609,4.533727169036865,"#636363
"
276,702,6.950567722320557,"#828282
"
276,436,6.291428089141846,"#7a7a7a
"
276,52,6.122330665588379,"#787878
"
277,21,15.166935920715332,"#bbbbbb
"
277,102,4.1537275314331055,"#5c5c5c
"
277,483,6.281530857086182,"#7a7a7a
"
278,510,4.8759446144104,"#696969
"
279,452,7.630066871643066,"#898989
"
279,579,5.623239994049072,"#727272
"
279,575,6.3315815925598145,"#7a7a7a
"
279,658,6.3315815925598145,"#7a7a7a
"
280,656,6.361555099487305,"#7b7b7b
"
280,128,7.908879280090332,"#8d8d8d
"
281,574,5.808172225952148,"#747474
"
281,420,5.701849937438965,"#737373
"
281,287,6.574481964111328,"#7d7d7d
"
282,705,5.374683856964111,"#6f6f6f
"
282,285,5.586479663848877,"#727272
"
283,270,6.307828903198242,"#7a7a7a
"
283,118,5.385146617889404,"#6f6f6f
"
283,271,7.878905296325684,"#8c8c8c
"
284,50,5.660565376281738,"#737373
"
284,482,5.682338714599609,"#737373
"
284,205,5.9136457443237305,"#767676
"
284,579,6.3315815925598145,"#7a7a7a
"
284,201,5.369594097137451,"#6f6f6f
"
284,158,7.476804733276367,"#888888
"
285,578,6.317442893981934,"#7a7a7a
"
286,592,3.9045114517211914,"#575757
"
287,420,6.469573974609375,"#7c7c7c
"
287,574,10.454436302185059,"#9e9e9e
"
289,404,4.740619659423828,"#666666
"
291,321,5.304556846618652,"#6f6f6f
"
292,293,6.760262489318848,"#7f7f7f
"
293,446,2.3617026805877686,"#2e2e2e
"
293,685,3.707609176635742,"#545454
"
294,295,3.0803916454315186,"#484848
"
295,499,4.552254676818848,"#636363
"
296,614,3.772456169128418,"#555555
"
296,553,4.2587175369262695,"#5e5e5e
"
297,104,5.056849002838135,"#6c6c6c
"
297,56,4.403306484222412,"#606060
"
300,263,3.402991771697998,"#4e4e4e
"
301,300,2.8575375080108643,"#414141
"
302,232,5.037620544433594,"#6b6b6b
"
302,573,5.002557277679443,"#6b6b6b
"
304,582,4.494128704071045,"#626262
"
305,136,6.312070369720459,"#7a7a7a
"
305,198,6.088681221008301,"#787878
"
305,266,4.509931564331055,"#626262
"
305,146,7.983247756958008,"#8e8e8e
"
305,353,5.808172225952148,"#747474
"
305,352,5.808172225952148,"#747474
"
305,722,5.687146186828613,"#737373
"
305,425,6.619442462921143,"#7e7e7e
"
308,122,6.80776834487915,"#808080
"
308,570,6.124310493469238,"#787878
"
308,719,5.45697021484375,"#707070
"
309,350,6.056162357330322,"#777777
"
309,650,5.45697021484375,"#707070
"
309,82,4.990744113922119,"#6b6b6b
"
309,85,3.8511080741882324,"#565656
"
310,425,5.493730545043945,"#717171
"
310,658,6.402839660644531,"#7b7b7b
"
312,422,5.480157375335693,"#717171
"
312,664,5.467715740203857,"#707070
"
312,574,5.359131336212158,"#6f6f6f
"
313,452,5.4665846824646,"#707070
"
313,422,5.571209907531738,"#727272
"
314,215,5.784136772155762,"#747474
"
314,681,7.792377471923828,"#8b8b8b
"
314,282,5.527663230895996,"#717171
"
316,709,6.122330665588379,"#787878
"
317,153,5.852849960327148,"#757575
"
319,282,5.109727382659912,"#6c6c6c
"
319,318,4.30594539642334,"#5e5e5e
"
320,350,5.709485054016113,"#737373
"
320,719,6.634994983673096,"#7e7e7e
"
320,575,7.194316387176514,"#848484
"
320,131,6.357879161834717,"#7b7b7b
"
322,149,6.080197811126709,"#777777
"
324,601,4.473966121673584,"#626262
"
324,512,8.127891540527344,"#8f8f8f
"
326,348,5.456404685974121,"#707070
"
326,349,5.456404685974121,"#707070
"
326,136,6.36381721496582,"#7b7b7b
"
326,435,6.181429862976074,"#797979
"
327,658,5.700436115264893,"#737373
"
327,69,6.153435707092285,"#787878
"
328,203,6.140710830688477,"#787878
"
330,208,5.583652019500732,"#727272
"
330,630,8.854286193847656,"#939393
"
330,287,5.676966190338135,"#737373
"
330,661,5.60712194442749,"#727272
"
331,139,6.62764310836792,"#7e7e7e
"
331,537,5.546326160430908,"#717171
"
331,7,3.6689188480377197,"#535353
"
331,0,4.810915946960449,"#686868
"
331,651,6.842266082763672,"#808080
"
331,120,5.391367435455322,"#707070
"
331,5,4.600572109222412,"#646464
"
332,195,4.366250991821289,"#606060
"
332,452,6.118371963500977,"#787878
"
332,152,5.777632713317871,"#747474
"
333,705,6.349678993225098,"#7b7b7b
"
333,431,6.210838317871094,"#797979
"
333,718,6.57335090637207,"#7d7d7d
"
333,66,5.848325729370117,"#757575
"
333,16,5.512676239013672,"#717171
"
333,708,7.007970333099365,"#828282
"
333,329,5.472239971160889,"#707070
"
334,555,2.7296316623687744,"#3c3c3c
"
335,312,2.4588770866394043,"#323232
"
336,366,4.3159356117248535,"#5f5f5f
"
338,340,6.655920028686523,"#7e7e7e
"
339,549,3.716146469116211,"#545454
"
340,693,5.446507930755615,"#707070
"
340,500,5.9266533851623535,"#767676
"
341,345,3.7684600353240967,"#555555
"
343,334,2.692653179168701,"#3b3b3b
"
344,330,6.1257243156433105,"#787878
"
344,50,10.131429672241211,"#9c9c9c
"
344,579,6.947740077972412,"#828282
"
344,51,9.991013526916504,"#9b9b9b
"
344,54,6.947740077972412,"#828282
"
344,287,6.800133228302002,"#808080
"
344,661,6.552143096923828,"#7d7d7d
"
344,630,8.099610328674316,"#8e8e8e
"
345,282,5.132349014282227,"#6d6d6d
"
346,353,5.695911884307861,"#737373
"
346,200,6.200658321380615,"#797979
"
346,325,6.281530857086182,"#7a7a7a
"
346,163,9.861512184143066,"#9a9a9a
"
346,2,4.597302436828613,"#646464
"
346,54,11.734061241149902,"#a6a6a6
"
346,344,6.454869747161865,"#7c7c7c
"
346,574,6.256929874420166,"#7a7a7a
"
346,579,8.450899124145508,"#919191
"
346,287,6.744992733001709,"#7f7f7f
"
347,431,7.236166477203369,"#858585
"
347,579,7.884843349456787,"#8c8c8c
"
347,159,7.884843349456787,"#8c8c8c
"
347,574,8.377962112426758,"#909090
"
347,287,13.47178840637207,"#b1b1b1
"
347,247,6.531783580780029,"#7d7d7d
"
347,482,6.765352725982666,"#7f7f7f
"
347,580,6.5586466789245605,"#7d7d7d
"
347,273,6.174360752105713,"#797979
"
347,427,6.0830254554748535,"#787878
"
347,428,5.767170429229736,"#747474
"
347,158,5.586762428283691,"#727272
"
347,205,5.522290229797363,"#717171
"
347,719,5.519179821014404,"#717171
"
347,660,5.383732795715332,"#6f6f6f
"
347,281,5.361110687255859,"#6f6f6f
"
348,649,8.518378257751465,"#919191
"
348,435,15.538435935974121,"#bdbdbd
"
348,67,9.942388534545898,"#9b9b9b
"
348,432,6.593427658081055,"#7d7d7d
"
348,219,6.881571292877197,"#818181
"
348,352,8.338764190673828,"#909090
"
348,349,8.56402587890625,"#919191
"
348,182,5.974724292755127,"#767676
"
348,248,7.117119789123535,"#838383
"
349,699,6.750648498535156,"#7f7f7f
"
349,435,10.40184211730957,"#9e9e9e
"
349,111,5.950971603393555,"#767676
"
349,487,5.879430294036865,"#757575
"
350,351,8.138311386108398,"#8f8f8f
"
350,661,5.60712194442749,"#727272
"
350,420,5.4063544273376465,"#707070
"
350,247,5.382884502410889,"#6f6f6f
"
350,575,11.746465682983398,"#a6a6a6
"
350,574,5.808172225952148,"#747474
"
350,287,5.682055950164795,"#737373
"
350,452,7.6487298011779785,"#8a8a8a
"
350,650,7.1507697105407715,"#848484
"
352,349,6.393508434295654,"#7b7b7b
"
352,709,6.393508434295654,"#7b7b7b
"
352,435,8.338764190673828,"#909090
"
352,487,5.4510321617126465,"#707070
"
352,353,5.808172225952148,"#747474
"
353,51,8.56402587890625,"#919191
"
353,579,8.329337120056152,"#909090
"
353,50,7.0093841552734375,"#828282
"
353,344,7.502254009246826,"#888888
"
353,630,9.058708190917969,"#959595
"
353,210,6.52612829208374,"#7d7d7d
"
353,487,5.695911884307861,"#737373
"
353,287,5.725320339202881,"#737373
"
353,68,5.852849960327148,"#757575
"
353,657,6.088681221008301,"#787878
"
353,270,6.481450080871582,"#7c7c7c
"
353,54,6.593427658081055,"#7d7d7d
"
355,357,5.218876838684082,"#6e6e6e
"
355,354,4.331920146942139,"#5f5f5f
"
355,356,4.6541571617126465,"#656565
"
355,243,4.710285186767578,"#666666
"
356,504,2.937911033630371,"#454545
"
358,360,4.509931564331055,"#626262
"
358,243,5.687146186828613,"#737373
"
359,358,4.044195652008057,"#5a5a5a
"
359,361,3.95954966545105,"#585858
"
362,406,4.471241474151611,"#616161
"
363,112,2.851374387741089,"#414141
"
363,164,3.9535553455352783,"#585858
"
364,365,3.5412230491638184,"#515151
"
366,499,3.30672025680542,"#4c4c4c
"
367,366,2.926091432571411,"#444444
"
368,369,2.9812216758728027,"#464646
"
368,592,3.0660417079925537,"#484848
"
372,221,4.476327419281006,"#626262
"
373,370,5.848325729370117,"#757575
"
374,405,3.7141482830047607,"#545454
"
374,375,3.0466058254241943,"#484848
"
376,253,2.9441585540771484,"#454545
"
377,405,3.1761181354522705,"#4a4a4a
"
378,431,5.827117919921875,"#757575
"
378,177,5.817503452301025,"#747474
"
378,333,5.4597978591918945,"#707070
"
378,154,7.254263877868652,"#858585
"
378,329,6.119785785675049,"#787878
"
378,399,6.2826619148254395,"#7a7a7a
"
378,723,6.573633670806885,"#7d7d7d
"
378,379,6.925966739654541,"#818181
"
379,282,9.46308708190918,"#979797
"
380,685,3.984071731567383,"#595959
"
380,381,2.716799020767212,"#3c3c3c
"
385,194,4.888296604156494,"#696969
"
389,365,4.378239631652832,"#606060
"
389,158,4.366250991821289,"#606060
"
390,559,4.785122871398926,"#676767
"
391,353,4.564061641693115,"#636363
"
392,386,3.9444732666015625,"#585858
"
392,26,4.979482173919678,"#6b6b6b
"
393,352,2.567617893218994,"#363636
"
394,320,5.224532604217529,"#6e6e6e
"
397,429,5.493730545043945,"#717171
"
398,589,6.227804660797119,"#797979
"
398,755,3.984253168106079,"#595959
"
399,177,8.799210548400879,"#939393
"
399,238,6.382762908935547,"#7b7b7b
"
399,379,5.495992660522461,"#717171
"
399,28,5.478178024291992,"#717171
"
399,235,5.956344127655029,"#767676
"
399,237,6.356748104095459,"#7b7b7b
"
400,695,5.9136457443237305,"#767676
"
400,287,6.627077579498291,"#7e7e7e
"
400,54,5.570361614227295,"#727272
"
400,70,5.715705871582031,"#737373
"
400,482,6.726330280303955,"#7f7f7f
"
401,404,6.191609859466553,"#797979
"
401,730,5.259030342102051,"#6e6e6e
"
401,35,6.7073845863342285,"#7f7f7f
"
401,27,6.205748558044434,"#797979
"
402,124,4.636719226837158,"#646464
"
403,81,3.031529426574707,"#484848
"
403,111,5.813544750213623,"#747474
"
403,479,6.110171794891357,"#787878
"
403,23,6.2671098709106445,"#7a7a7a
"
403,349,6.670341491699219,"#7e7e7e
"
403,269,5.583652019500732,"#727272
"
403,487,5.813544750213623,"#747474
"
404,29,7.72536039352417,"#8b8b8b
"
404,30,5.943619728088379,"#767676
"
404,27,6.311222076416016,"#7a7a7a
"
404,35,6.675996780395508,"#7e7e7e
"
405,574,6.420088768005371,"#7b7b7b
"
405,421,4.785122871398926,"#676767
"
405,419,7.459838390350342,"#878787
"
405,187,5.689973831176758,"#737373
"
406,405,6.647154331207275,"#7e7e7e
"
406,431,6.439882755279541,"#7c7c7c
"
406,273,6.381349086761475,"#7b7b7b
"
406,574,5.45188045501709,"#707070
"
406,428,7.706414699554443,"#8a8a8a
"
407,633,5.681207656860352,"#737373
"
407,13,6.9604644775390625,"#828282
"
407,150,6.641781330108643,"#7e7e7e
"
407,480,5.482419490814209,"#717171
"
407,484,5.427279472351074,"#707070
"
407,534,5.910818099975586,"#767676
"
407,162,5.681207656860352,"#737373
"
407,278,5.991973400115967,"#767676
"
407,665,5.9167561531066895,"#767676
"
407,651,6.331864356994629,"#7a7a7a
"
407,714,6.152587413787842,"#787878
"
407,654,6.400294780731201,"#7b7b7b
"
407,652,6.564867973327637,"#7d7d7d
"
407,653,6.641781330108643,"#7e7e7e
"
407,10,7.868443012237549,"#8c8c8c
"
407,145,7.543538570404053,"#888888
"
407,712,7.947335720062256,"#8d8d8d
"
407,481,8.01278018951416,"#8e8e8e
"
407,590,4.971852779388428,"#6a6a6a
"
408,287,6.219886779785156,"#797979
"
408,347,6.645457744598389,"#7e7e7e
"
408,153,5.353193283081055,"#6f6f6f
"
408,205,6.219886779785156,"#797979
"
408,482,7.8093438148498535,"#8c8c8c
"
408,751,7.300355434417725,"#868686
"
408,750,5.054586887359619,"#6c6c6c
"
409,24,2.4919722080230713,"#333333
"
410,123,2.9086997509002686,"#434343
"
411,24,4.483230113983154,"#626262
"
412,535,4.200046539306641,"#5d5d5d
"
413,105,4.944606304168701,"#6a6a6a
"
414,702,3.6534790992736816,"#535353
"
417,418,5.284480094909668,"#6e6e6e
"
417,702,5.617584228515625,"#727272
"
418,644,6.393508434295654,"#7b7b7b
"
418,643,2.763739824295044,"#3e3e3e
"
419,186,5.661413669586182,"#737373
"
422,287,6.965554714202881,"#828282
"
422,662,6.8996686935424805,"#818181
"
422,482,5.859353542327881,"#757575
"
422,580,5.780460357666016,"#747474
"
422,159,5.675835132598877,"#737373
"
422,351,7.650426387786865,"#8a8a8a
"
423,78,5.749638557434082,"#747474
"
423,198,5.725320339202881,"#737373
"
424,346,7.261050224304199,"#858585
"
424,202,7.33966064453125,"#868686
"
424,270,5.493730545043945,"#717171
"
424,163,7.397346019744873,"#878787
"
424,353,6.122330665588379,"#787878
"
424,203,5.900355339050293,"#757575
"
424,579,7.043881893157959,"#838383
"
424,630,6.870826244354248,"#818181
"
424,68,7.33966064453125,"#868686
"
424,344,6.424047470092773,"#7b7b7b
"
424,328,6.161635875701904,"#787878
"
424,269,6.646023273468018,"#7e7e7e
"
424,54,6.593427658081055,"#7d7d7d
"
425,198,6.761959075927734,"#7f7f7f
"
425,352,10.484703063964844,"#9e9e9e
"
425,479,9.394119262695312,"#979797
"
425,316,5.493730545043945,"#717171
"
425,353,5.583652019500732,"#727272
"
425,658,7.115423202514648,"#838383
"
425,199,6.985348224639893,"#828282
"
426,382,9.24278736114502,"#969696
"
426,722,5.687146186828613,"#737373
"
426,432,5.687146186828613,"#737373
"
426,141,5.99791145324707,"#777777
"
426,74,7.182722568511963,"#848484
"
427,287,6.965554714202881,"#828282
"
427,422,6.965554714202881,"#828282
"
427,159,6.472118854522705,"#7c7c7c
"
427,50,6.284075736999512,"#7a7a7a
"
427,694,5.973310470581055,"#767676
"
427,290,5.56498908996582,"#727272
"
428,159,7.422795295715332,"#878787
"
428,405,12.495186805725098,"#ababab
"
428,287,7.083752632141113,"#838383
"
428,574,7.338246822357178,"#868686
"
428,579,7.422795295715332,"#878787
"
429,211,3.9045114517211914,"#575757
"
429,353,8.977831840515137,"#949494
"
429,657,8.288651466369629,"#909090
"
429,630,7.425340175628662,"#878787
"
429,433,6.843114376068115,"#808080
"
429,579,6.524148464202881,"#7d7d7d
"
430,508,4.173526763916016,"#5c5c5c
"
431,574,6.80776834487915,"#808080
"
431,69,6.956788539886475,"#828282
"
431,420,7.236166477203369,"#858585
"
431,154,7.422512531280518,"#878787
"
431,282,7.746285438537598,"#8b8b8b
"
431,66,9.53900146484375,"#989898
"
431,22,5.843801498413086,"#757575
"
431,662,5.7108988761901855,"#737373
"
431,281,5.950971603393555,"#767676
"
431,718,5.890175819396973,"#757575
"
431,351,5.950971603393555,"#767676
"
431,287,5.950971603393555,"#767676
"
431,70,6.441862106323242,"#7c7c7c
"
431,705,6.349678993225098,"#7b7b7b
"
431,346,5.522290229797363,"#717171
"
431,205,9.438279151916504,"#979797
"
432,435,7.378965854644775,"#878787
"
432,352,6.481450080871582,"#7c7c7c
"
432,141,7.260201930999756,"#858585
"
432,189,6.750648498535156,"#7f7f7f
"
432,395,5.324633598327637,"#6f6f6f
"
433,287,5.780460357666016,"#747474
"
433,657,7.598396301269531,"#898989
"
433,353,7.397346019744873,"#878787
"
433,630,7.286499977111816,"#858585
"
433,69,7.333439826965332,"#868686
"
433,50,7.0093841552734375,"#828282
"
433,579,7.043881893157959,"#838383
"
433,661,5.812979221343994,"#747474
"
433,574,6.705687999725342,"#7f7f7f
"
434,703,5.375532150268555,"#6f6f6f
"
434,311,5.485813140869141,"#717171
"
434,662,5.49910306930542,"#717171
"
434,717,7.345315933227539,"#868686
"
434,708,5.946164608001709,"#767676
"
434,153,5.673855781555176,"#737373
"
436,52,6.895709991455078,"#818181
"
436,533,6.533197402954102,"#7d7d7d
"
436,577,6.955940246582031,"#828282
"
436,24,8.198348045349121,"#8f8f8f
"
436,48,14.427403450012207,"#b7b7b7
"
436,430,6.170684814453125,"#797979
"
436,483,6.170684814453125,"#797979
"
436,702,6.955940246582031,"#828282
"
436,711,7.1371965408325195,"#848484
"
437,648,2.982572555541992,"#464646
"
439,453,9.330609321594238,"#969696
"
440,441,3.8113279342651367,"#565656
"
440,447,4.277063846588135,"#5e5e5e
"
441,605,4.131566524505615,"#5b5b5b
"
442,388,4.159903049468994,"#5c5c5c
"
443,444,3.9045114517211914,"#575757
"
444,113,3.30672025680542,"#4c4c4c
"
445,446,1.5434455871582031,"#121212
"
446,55,2.3174633979797363,"#2d2d2d
"
446,342,4.903191566467285,"#696969
"
448,447,3.713240146636963,"#545454
"
449,315,5.522290229797363,"#717171
"
450,484,6.489650726318359,"#7c7c7c
"
450,272,5.749073028564453,"#747474
"
450,215,5.846346378326416,"#757575
"
451,662,5.845780849456787,"#757575
"
451,452,6.737358093261719,"#7f7f7f
"
451,613,3.6371312141418457,"#525252
"
452,333,5.49910306930542,"#717171
"
452,22,5.525118350982666,"#717171
"
452,716,6.607283592224121,"#7e7e7e
"
452,422,6.830672740936279,"#808080
"
452,718,7.717442989349365,"#8a8a8a
"
452,575,8.925734519958496,"#949494
"
452,70,5.702132701873779,"#737373
"
452,431,5.70863676071167,"#737373
"
452,658,5.992538928985596,"#767676
"
452,579,5.992538928985596,"#767676
"
452,66,8.297085762023926,"#909090
"
452,351,9.144049644470215,"#959595
"
452,69,5.4665846824646,"#707070
"
452,16,7.838186264038086,"#8c8c8c
"
452,662,9.898229598999023,"#9a9a9a
"
454,264,2.9200971126556396,"#444444
"
454,146,5.843801498413086,"#757575
"
454,267,7.348709583282471,"#868686
"
455,458,4.044195652008057,"#5a5a5a
"
456,250,4.5204668045043945,"#626262
"
457,250,5.093043804168701,"#6c6c6c
"
457,460,4.337006568908691,"#5f5f5f
"
461,562,4.773860931396484,"#676767
"
461,563,2.9932947158813477,"#474747
"
462,461,3.7690048217773438,"#555555
"
463,523,2.8946847915649414,"#434343
"
466,537,3.5671980381011963,"#515151
"
467,620,4.029119491577148,"#5a5a5a
"
468,224,3.3296074867248535,"#4d4d4d
"
468,467,3.4451332092285156,"#4f4f4f
"
469,619,4.509931564331055,"#626262
"
470,469,4.044195652008057,"#5a5a5a
"
470,557,2.589315414428711,"#373737
"
471,221,3.948106050491333,"#585858
"
471,617,4.638898849487305,"#646464
"
472,435,3.9045114517211914,"#575757
"
473,552,5.53869104385376,"#717171
"
474,607,4.333373546600342,"#5f5f5f
"
476,710,7.348709583282471,"#868686
"
476,691,4.742799758911133,"#666666
"
477,127,7.910293102264404,"#8d8d8d
"
478,475,7.117119789123535,"#838383
"
479,352,6.058424472808838,"#777777
"
479,270,6.110171794891357,"#787878
"
479,432,6.04965877532959,"#777777
"
479,658,5.897810459136963,"#757575
"
479,349,6.895709991455078,"#818181
"
479,579,5.380621910095215,"#6f6f6f
"
479,283,5.436893463134766,"#707070
"
481,654,5.415402889251709,"#707070
"
481,712,5.575451374053955,"#727272
"
481,57,3.601710557937622,"#525252
"
481,480,7.66343355178833,"#8a8a8a
"
481,10,6.192458152770996,"#797979
"
482,574,5.788661003112793,"#747474
"
482,287,12.328969955444336,"#aaaaaa
"
482,159,6.851597785949707,"#808080
"
483,430,7.593306541442871,"#898989
"
484,716,6.713039875030518,"#7f7f7f
"
484,162,7.419402122497559,"#878787
"
484,70,6.387853145599365,"#7b7b7b
"
484,452,6.2063140869140625,"#797979
"
484,16,5.556222915649414,"#717171
"
484,707,5.556222915649414,"#717171
"
484,714,5.359979629516602,"#6f6f6f
"
484,653,8.889513969421387,"#949494
"
485,14,5.524835586547852,"#717171
"
485,714,5.621260166168213,"#727272
"
485,162,5.6469926834106445,"#727272
"
485,665,5.498537540435791,"#717171
"
485,712,6.423764705657959,"#7b7b7b
"
485,720,6.129400253295898,"#787878
"
485,653,6.080480575561523,"#787878
"
485,144,6.029299259185791,"#777777
"
485,214,5.709767818450928,"#737373
"
485,715,9.667013168334961,"#999999
"
485,746,6.888075351715088,"#818181
"
485,60,4.699204921722412,"#666666
"
485,484,7.6159281730651855,"#898989
"
485,407,5.922976970672607,"#767676
"
485,486,5.753597259521484,"#747474
"
485,654,7.113443851470947,"#838383
"
485,66,6.593427658081055,"#7d7d7d
"
485,716,6.004415512084961,"#777777
"
485,272,6.004415512084961,"#777777
"
486,145,5.79035758972168,"#747474
"
486,653,6.224128723144531,"#797979
"
486,484,5.37524938583374,"#6f6f6f
"
486,399,5.4510321617126465,"#707070
"
486,745,6.535459518432617,"#7d7d7d
"
486,162,7.619604110717773,"#898989
"
486,716,6.270503044128418,"#7a7a7a
"
486,282,6.308111667633057,"#7a7a7a
"
486,215,8.377962112426758,"#909090
"
487,111,10.543746948242188,"#9e9e9e
"
487,709,7.593306541442871,"#898989
"
488,487,7.593306541442871,"#898989
"
488,709,14.021238327026367,"#b4b4b4
"
489,459,5.227643013000488,"#6e6e6e
"
489,451,4.931346416473389,"#6a6a6a
"
490,700,9.564802169799805,"#989898
"
491,715,4.7186408042907715,"#666666
"
492,664,4.753880023956299,"#676767
"
494,493,3.8142342567443848,"#565656
"
494,87,2.7471923828125,"#3d3d3d
"
494,86,10.605769157409668,"#9f9f9f
"
495,75,3.5619304180145264,"#515151
"
496,450,4.04038143157959,"#5a5a5a
"
497,543,4.810915946960449,"#686868
"
497,498,3.791710376739502,"#555555
"
499,514,4.626183986663818,"#646464
"
501,579,6.608980178833008,"#7e7e7e
"
503,11,2.718656301498413,"#3c3c3c
"
505,215,2.535029411315918,"#353535
"
506,215,6.322249889373779,"#7a7a7a
"
507,111,4.540992736816406,"#636363
"
511,151,3.540133237838745,"#515151
"
512,509,3.742121458053589,"#545454
"
513,183,2.8539071083068848,"#414141
"
516,741,4.6468915939331055,"#656565
"
516,124,4.791661739349365,"#676767
"
517,149,5.348386287689209,"#6f6f6f
"
518,519,3.7223222255706787,"#545454
"
519,379,5.191448211669922,"#6d6d6d
"
520,492,2.6781318187713623,"#3a3a3a
"
521,694,5.298901081085205,"#6e6e6e
"
522,288,4.9880194664001465,"#6b6b6b
"
522,324,5.160060405731201,"#6d6d6d
"
524,517,2.4213919639587402,"#313131
"
525,427,5.0687255859375,"#6c6c6c
"
526,525,5.808172225952148,"#747474
"
527,522,5.1298041343688965,"#6c6c6c
"
529,366,3.1187186241149902,"#494949
"
531,526,6.3315815925598145,"#7a7a7a
"
532,499,2.8802480697631836,"#424242
"
533,711,6.412171363830566,"#7b7b7b
"
533,702,8.317428588867188,"#909090
"
534,481,7.064806938171387,"#838383
"
534,278,6.343174934387207,"#7b7b7b
"
534,535,7.88767147064209,"#8c8c8c
"
535,197,5.803365230560303,"#747474
"
536,47,5.9031829833984375,"#757575
"
536,578,5.532187461853027,"#717171
"
537,278,5.871230125427246,"#757575
"
537,473,5.375532150268555,"#6f6f6f
"
538,716,5.5533952713012695,"#717171
"
539,254,6.499264717102051,"#7c7c7c
"
539,255,4.021671772003174,"#595959
"
539,120,6.1901960372924805,"#797979
"
540,490,5.855112075805664,"#757575
"
540,539,5.5596160888671875,"#717171
"
541,68,5.5757341384887695,"#727272
"
542,435,5.69393253326416,"#737373
"
543,295,4.331920146942139,"#5f5f5f
"
544,666,5.637943744659424,"#727272
"
544,449,6.570240497589111,"#7d7d7d
"
544,315,6.34147834777832,"#7b7b7b
"
545,707,5.353758811950684,"#6f6f6f
"
545,379,5.543498516082764,"#717171
"
545,733,4.772770881652832,"#676767
"
547,726,3.5081636905670166,"#505050
"
548,549,3.8009743690490723,"#555555
"
550,555,1.92362380027771,"#1e1e1e
"
551,746,5.153556823730469,"#6d6d6d
"
552,553,5.852849960327148,"#757575
"
554,10,4.667053699493408,"#656565
"
556,557,2.6799890995025635,"#3b3b3b
"
558,561,5.628612518310547,"#727272
"
560,151,4.984386444091797,"#6b6b6b
"
561,674,3.9955151081085205,"#595959
"
562,94,4.509931564331055,"#626262
"
563,447,3.5361368656158447,"#515151
"
564,430,4.173526763916016,"#5c5c5c
"
565,564,1.0,"#000000
"
566,560,9.003633499145508,"#949494
"
568,567,4.906461238861084,"#696969
"
568,12,5.281086444854736,"#6e6e6e
"
569,453,5.817220687866211,"#747474
"
570,638,5.699305057525635,"#737373
"
571,163,5.875754356384277,"#757575
"
571,157,5.535580635070801,"#717171
"
571,660,5.478460788726807,"#717171
"
571,51,5.45697021484375,"#707070
"
571,344,7.194316387176514,"#848484
"
571,661,6.630753517150879,"#7e7e7e
"
571,574,6.256929874420166,"#7a7a7a
"
571,400,6.019402027130127,"#777777
"
571,119,5.426148414611816,"#707070
"
571,482,5.371573448181152,"#6f6f6f
"
571,346,8.185943603515625,"#8f8f8f
"
571,54,8.59925365447998,"#929292
"
571,695,7.027764320373535,"#828282
"
571,287,11.9881010055542,"#a8a8a8
"
571,760,5.527097702026367,"#717171
"
572,455,4.997282981872559,"#6b6b6b
"
572,585,4.029119491577148,"#5a5a5a
"
573,576,8.640932083129883,"#929292
"
573,65,10.431612968444824,"#9e9e9e
"
575,351,9.883840560913086,"#9a9a9a
"
575,155,5.561595439910889,"#717171
"
575,15,5.561595439910889,"#717171
"
575,579,9.342517852783203,"#979797
"
575,650,7.5718159675598145,"#898989
"
575,54,6.116109848022461,"#787878
"
575,574,5.808172225952148,"#747474
"
575,658,6.670624256134033,"#7e7e7e
"
575,420,5.725320339202881,"#737373
"
575,66,5.690822124481201,"#737373
"
576,65,11.274110794067383,"#a3a3a3
"
577,483,7.093367099761963,"#838383
"
577,53,15.859092712402344,"#bfbfbf
"
577,430,7.378965854644775,"#878787
"
579,574,8.879094123840332,"#949494
"
579,159,7.665412902832031,"#8a8a8a
"
579,482,7.261332988739014,"#858585
"
579,15,5.346124172210693,"#6f6f6f
"
579,54,13.296149253845215,"#b0b0b0
"
579,287,11.117816925048828,"#a2a2a2
"
579,420,7.607728004455566,"#898989
"
580,122,5.363090515136719,"#6f6f6f
"
580,287,11.069191932678223,"#a2a2a2
"
580,344,5.504758834838867,"#717171
"
580,200,5.504758834838867,"#717171
"
580,54,5.504758834838867,"#717171
"
580,630,5.504758834838867,"#717171
"
580,330,6.123461723327637,"#787878
"
580,353,6.001021862030029,"#777777
"
580,482,6.277572154998779,"#7a7a7a
"
580,159,6.250709056854248,"#797979
"
580,607,6.851315021514893,"#808080
"
580,660,7.520634174346924,"#888888
"
580,50,7.72281551361084,"#8b8b8b
"
580,579,9.530070304870605,"#989898
"
581,251,3.0682213306427,"#484848
"
583,584,5.230187892913818,"#6e6e6e
"
584,404,4.879940986633301,"#696969
"
585,586,3.827857494354248,"#565656
"
585,581,3.3701140880584717,"#4e4e4e
"
587,588,3.267666816711426,"#4c4c4c
"
589,654,5.348386287689209,"#6f6f6f
"
590,58,4.081796169281006,"#5a5a5a
"
590,59,4.788573741912842,"#676767
"
591,592,2.8900413513183594,"#434343
"
591,594,3.373202085494995,"#4e4e4e
"
593,596,3.8371214866638184,"#565656
"
595,387,5.372987270355225,"#6f6f6f
"
596,575,4.990562438964844,"#6b6b6b
"
600,679,5.658020496368408,"#737373
"
600,555,3.055143117904663,"#484848
"
602,601,4.511384963989258,"#626262
"
606,605,4.411843776702881,"#606060
"
607,353,7.199406147003174,"#848484
"
607,541,6.848204612731934,"#808080
"
607,630,5.692518711090088,"#737373
"
607,579,5.900355339050293,"#757575
"
607,203,6.843114376068115,"#808080
"
607,433,6.288600444793701,"#7a7a7a
"
607,200,6.172664165496826,"#797979
"
608,72,6.855273723602295,"#808080
"
608,25,6.257495403289795,"#7a7a7a
"
608,26,9.380722999572754,"#979797
"
610,274,3.815324068069458,"#565656
"
611,248,1.559091567993164,"#121212
"
612,141,3.4431350231170654,"#4f4f4f
"
614,683,3.684358596801758,"#535353
"
615,542,2.7552127838134766,"#3d3d3d
"
618,318,6.2379841804504395,"#797979
"
619,707,4.501394271850586,"#626262
"
621,623,3.0971028804779053,"#494949
"
621,622,3.5007164478302,"#505050
"
625,15,7.246912002563477,"#858585
"
626,502,4.352627754211426,"#5f5f5f
"
628,455,4.966948509216309,"#6a6a6a
"
628,489,6.181995391845703,"#797979
"
628,138,11.701313972473145,"#a6a6a6
"
629,424,5.179571628570557,"#6d6d6d
"
629,369,3.5259649753570557,"#505050
"
630,69,6.01770544052124,"#777777
"
630,579,7.286499977111816,"#858585
"
630,657,7.459838390350342,"#878787
"
631,16,5.95068883895874,"#767676
"
632,633,4.5963945388793945,"#646464
"
633,371,5.560464382171631,"#717171
"
634,107,4.70211124420166,"#666666
"
634,723,5.256768226623535,"#6e6e6e
"
635,636,1.6961467266082764,"#161616
"
636,604,5.153556823730469,"#6d6d6d
"
636,430,5.808172225952148,"#747474
"
637,422,4.509931564331055,"#626262
"
638,711,6.194720268249512,"#797979
"
638,413,7.838186264038086,"#8c8c8c
"
639,20,5.1874895095825195,"#6d6d6d
"
642,182,4.3279242515563965,"#5f5f5f
"
642,641,2.9677135944366455,"#464646
"
644,640,4.785122871398926,"#676767
"
645,20,9.667013168334961,"#999999
"
646,702,5.164019584655762,"#6d6d6d
"
647,669,5.808172225952148,"#747474
"
647,609,4.082522869110107,"#5a5a5a
"
649,435,6.855273723602295,"#808080
"
650,327,7.213544845581055,"#858585
"
650,351,5.905728340148926,"#757575
"
651,401,5.442831993103027,"#707070
"
651,652,7.425622940063477,"#878787
"
651,535,7.090539455413818,"#838383
"
651,278,7.757879257202148,"#8b8b8b
"
651,139,7.840165615081787,"#8c8c8c
"
651,399,5.701284408569336,"#737373
"
651,534,7.44372034072876,"#878787
"
652,535,6.788822650909424,"#808080
"
652,480,5.89950704574585,"#757575
"
652,654,5.633702278137207,"#727272
"
652,534,7.719987869262695,"#8a8a8a
"
652,145,5.622108459472656,"#727272
"
652,13,5.410313129425049,"#707070
"
652,714,5.403809547424316,"#707070
"
652,481,7.260201930999756,"#858585
"
653,714,8.78581428527832,"#939393
"
653,333,5.569796085357666,"#727272
"
653,399,6.722653865814209,"#7f7f7f
"
653,705,6.37088680267334,"#7b7b7b
"
654,703,8.031634330749512,"#8e8e8e
"
654,717,8.01575756072998,"#8e8e8e
"
654,708,6.483994960784912,"#7c7c7c
"
654,333,6.494174957275391,"#7c7c7c
"
654,745,7.078945636749268,"#838383
"
654,653,6.101688385009766,"#787878
"
654,434,6.8351969718933105,"#808080
"
654,714,7.427037239074707,"#878787
"
655,236,7.493205547332764,"#888888
"
656,215,6.02731990814209,"#777777
"
656,272,5.901203632354736,"#757575
"
656,484,5.472805500030518,"#707070
"
656,486,7.507627010345459,"#888888
"
656,653,7.434954643249512,"#878787
"
656,162,7.2177863121032715,"#858585
"
656,720,6.203203201293945,"#797979
"
657,660,6.451759338378906,"#7c7c7c
"
657,69,5.521724700927734,"#717171
"
657,207,4.571145534515381,"#636363
"
657,287,5.7530317306518555,"#747474
"
657,270,6.088681221008301,"#787878
"
657,579,6.524148464202881,"#7d7d7d
"
658,429,8.219683647155762,"#8f8f8f
"
658,344,5.376945972442627,"#6f6f6f
"
658,353,5.852849960327148,"#757575
"
658,657,5.415402889251709,"#707070
"
658,579,7.078662872314453,"#838383
"
658,630,7.459838390350342,"#878787
"
659,160,7.3888630867004395,"#878787
"
659,655,7.458707332611084,"#878787
"
659,236,7.750244617462158,"#8b8b8b
"
659,98,3.9797122478485107,"#595959
"
659,240,5.440003871917725,"#707070
"
659,704,5.411444187164307,"#707070
"
659,237,5.549153804779053,"#717171
"
659,28,5.453011512756348,"#707070
"
659,234,7.558525562286377,"#898989
"
659,34,5.873775005340576,"#757575
"
659,232,6.296517848968506,"#7a7a7a
"
659,32,5.809868812561035,"#747474
"
659,31,5.554809093475342,"#717171
"
659,239,5.600052356719971,"#727272
"
659,233,5.734086036682129,"#737373
"
659,241,5.371290683746338,"#6f6f6f
"
660,287,8.762494087219238,"#939393
"
661,287,6.97121000289917,"#828282
"
661,217,3.8207733631134033,"#565656
"
661,351,5.650951385498047,"#737373
"
661,54,5.638509273529053,"#727272
"
661,400,5.989994049072266,"#767676
"
663,155,5.380621910095215,"#6f6f6f
"
663,163,6.214514255523682,"#797979
"
663,657,6.761959075927734,"#7f7f7f
"
663,202,6.845942497253418,"#808080
"
663,630,6.9053239822387695,"#818181
"
663,68,7.435237407684326,"#878787
"
663,328,7.076117992401123,"#838383
"
663,200,7.849497318267822,"#8c8c8c
"
664,203,5.869533538818359,"#757575
"
664,574,5.808172225952148,"#747474
"
664,287,6.2764410972595215,"#7a7a7a
"
664,54,5.415402889251709,"#707070
"
664,22,5.39504337310791,"#707070
"
665,484,6.639801979064941,"#7e7e7e
"
665,162,6.9157867431640625,"#818181
"
665,653,6.340064525604248,"#7b7b7b
"
666,315,6.1760573387146,"#797979
"
666,449,5.868119716644287,"#757575
"
667,27,6.958202362060547,"#828282
"
667,32,5.637378215789795,"#727272
"
667,33,6.05983829498291,"#777777
"
667,31,5.688277244567871,"#737373
"
667,35,6.91946268081665,"#818181
"
667,28,6.2213006019592285,"#797979
"
667,233,6.124310493469238,"#787878
"
670,439,10.176084518432617,"#9c9c9c
"
670,453,5.844649791717529,"#757575
"
672,685,3.7072458267211914,"#545454
"
673,676,7.721401691436768,"#8a8a8a
"
674,447,5.900355339050293,"#757575
"
675,676,3.7699131965637207,"#555555
"
676,674,3.639310836791992,"#525252
"
676,671,2.966953754425049,"#464646
"
677,678,3.7348556518554688,"#545454
"
677,544,4.181155681610107,"#5c5c5c
"
679,306,3.797523021697998,"#555555
"
679,307,4.176069736480713,"#5c5c5c
"
679,681,6.327622890472412,"#7a7a7a
"
680,56,3.196643829345703,"#4b4b4b
"
681,133,4.398220539093018,"#606060
"
681,132,3.7926185131073,"#555555
"
682,237,5.095588684082031,"#6c6c6c
"
684,683,7.378965854644775,"#878787
"
685,250,5.054869651794434,"#6c6c6c
"
686,581,3.078756809234619,"#484848
"
687,372,3.9045114517211914,"#575757
"
687,405,9.0939359664917,"#959595
"
687,428,5.812130928039551,"#747474
"
687,406,5.715705871582031,"#737373
"
688,246,5.747659206390381,"#747474
"
688,475,9.667013168334961,"#999999
"
688,202,7.1371965408325195,"#848484
"
689,680,3.576098680496216,"#515151
"
690,432,2.9489710330963135,"#454545
"
691,688,5.808172225952148,"#747474
"
691,270,5.950971603393555,"#767676
"
691,475,7.807364463806152,"#8b8b8b
"
692,160,5.745114326477051,"#747474
"
692,725,3.741758346557617,"#545454
"
692,245,6.588620662689209,"#7d7d7d
"
692,738,5.730127334594727,"#737373
"
693,545,7.052648067474365,"#838383
"
693,244,6.3018903732299805,"#7a7a7a
"
693,692,5.952668190002441,"#767676
"
694,579,5.973310470581055,"#767676
"
694,69,5.930329322814941,"#767676
"
694,287,6.469573974609375,"#7c7c7c
"
694,54,5.477329730987549,"#717171
"
694,155,5.477329730987549,"#717171
"
696,54,6.004415512084961,"#777777
"
696,344,5.931177616119385,"#767676
"
698,162,5.405223369598389,"#707070
"
698,707,6.146649360656738,"#787878
"
698,697,5.945316314697266,"#767676
"
699,111,5.879430294036865,"#757575
"
700,480,7.557111740112305,"#898989
"
700,10,5.577713489532471,"#727272
"
700,546,4.409300804138184,"#606060
"
701,70,9.054242134094238,"#959595
"
702,52,6.379369735717773,"#7b7b7b
"
702,430,5.617584228515625,"#727272
"
702,181,2.9769160747528076,"#464646
"
703,653,5.83249044418335,"#757575
"
703,70,6.385308265686035,"#7b7b7b
"
705,70,6.02477502822876,"#777777
"
706,431,5.432934761047363,"#707070
"
706,705,5.374683856964111,"#6f6f6f
"
706,378,5.41738224029541,"#707070
"
706,154,7.073573112487793,"#838383
"
707,154,5.660848140716553,"#737373
"
707,378,5.368180274963379,"#6f6f6f
"
707,706,6.470139503479004,"#7c7c7c
"
707,162,6.190761566162109,"#797979
"
707,718,5.904597282409668,"#757575
"
707,66,5.745114326477051,"#747474
"
707,282,5.687146186828613,"#737373
"
707,431,7.224289894104004,"#858585
"
707,333,7.285085678100586,"#858585
"
708,329,6.619442462921143,"#7e7e7e
"
712,10,6.097446918487549,"#787878
"
712,700,5.8913068771362305,"#757575
"
712,480,6.0680389404296875,"#777777
"
712,490,6.208858966827393,"#797979
"
714,708,5.576299667358398,"#727272
"
714,705,5.83249044418335,"#757575
"
715,484,7.91764497756958,"#8d8d8d
"
715,152,6.385873794555664,"#7b7b7b
"
715,452,8.709403991699219,"#929292
"
715,720,5.549153804779053,"#717171
"
715,332,6.74442720413208,"#7f7f7f
"
715,716,7.731016159057617,"#8b8b8b
"
715,654,6.206879615783691,"#797979
"
715,66,5.734651565551758,"#737373
"
715,272,6.9064555168151855,"#818181
"
715,214,6.396053314208984,"#7b7b7b
"
716,70,7.2698163986206055,"#858585
"
716,431,7.280561447143555,"#858585
"
716,154,5.9936699867248535,"#767676
"
716,282,9.145538330078125,"#959595
"
716,705,6.67486572265625,"#7e7e7e
"
716,718,6.282379150390625,"#7a7a7a
"
716,653,6.386722087860107,"#7b7b7b
"
716,66,7.305445194244385,"#868686
"
716,714,6.40792989730835,"#7b7b7b
"
716,351,6.5592122077941895,"#7d7d7d
"
716,329,5.397871017456055,"#707070
"
717,665,7.259919166564941,"#858585
"
717,714,7.726774215698242,"#8b8b8b
"
717,716,6.211403846740723,"#797979
"
717,70,5.934005260467529,"#767676
"
717,653,5.85482931137085,"#757575
"
717,484,5.757555961608887,"#747474
"
717,162,5.6469926834106445,"#727272
"
718,66,7.7318644523620605,"#8b8b8b
"
718,370,6.210838317871094,"#797979
"
718,22,5.513241767883301,"#717171
"
718,351,5.542084217071533,"#717171
"
718,574,5.904597282409668,"#757575
"
718,575,6.281813621520996,"#7a7a7a
"
719,330,5.654627323150635,"#737373
"
719,574,5.359131336212158,"#6f6f6f
"
719,159,7.058586120605469,"#838383
"
719,433,6.732268333435059,"#7f7f7f
"
719,287,9.376753807067871,"#979797
"
719,580,7.7027387619018555,"#8a8a8a
"
719,660,7.141720771789551,"#848484
"
719,579,7.286499977111816,"#858585
"
720,399,5.750486850738525,"#747474
"
720,282,5.834752559661865,"#757575
"
720,215,8.197355270385742,"#8f8f8f
"
720,486,7.337964057922363,"#868686
"
720,716,6.709646701812744,"#7f7f7f
"
720,162,7.701324939727783,"#8a8a8a
"
720,484,6.3372368812561035,"#7a7a7a
"
720,653,6.1319451332092285,"#787878
"
721,348,6.670341491699219,"#7e7e7e
"
721,435,6.670341491699219,"#7e7e7e
"
721,352,7.395366668701172,"#878787
"
721,479,7.620735168457031,"#898989
"
721,196,6.761959075927734,"#7f7f7f
"
721,425,7.344467639923096,"#868686
"
721,722,7.680965423583984,"#8a8a8a
"
721,487,7.527420997619629,"#888888
"
721,426,6.472684383392334,"#7c7c7c
"
721,198,6.088681221008301,"#787878
"
721,658,5.897810459136963,"#757575
"
721,136,5.587045192718506,"#727272
"
721,74,9.667013168334961,"#999999
"
721,403,7.197709560394287,"#848484
"
721,432,7.56898832321167,"#898989
"
721,349,9.820826530456543,"#9a9a9a
"
722,146,11.420977592468262,"#a4a4a4
"
722,542,5.607970237731934,"#727272
"
722,111,5.879430294036865,"#757575
"
722,349,6.393508434295654,"#7b7b7b
"
722,263,4.785122871398926,"#676767
"
722,74,9.667013168334961,"#999999
"
722,136,7.037095546722412,"#838383
"
723,287,11.407580375671387,"#a4a4a4
"
723,379,6.028168201446533,"#777777
"
723,154,5.982641696929932,"#767676
"
723,580,6.469573974609375,"#7c7c7c
"
723,205,6.304718494415283,"#7a7a7a
"
723,50,6.49983024597168,"#7c7c7c
"
723,420,6.744992733001709,"#7f7f7f
"
723,431,7.236166477203369,"#858585
"
723,482,7.6710686683654785,"#8a8a8a
"
724,736,4.356442451477051,"#5f5f5f
"
724,140,4.319023609161377,"#5f5f5f
"
727,401,5.380621910095215,"#6f6f6f
"
728,729,3.828220844268799,"#565656
"
729,160,5.020654201507568,"#6b6b6b
"
731,400,4.009683609008789,"#595959
"
732,707,4.0162224769592285,"#595959
"
734,244,5.388822555541992,"#6f6f6f
"
735,628,7.609424591064453,"#898989
"
738,543,6.449214458465576,"#7c7c7c
"
740,508,4.173526763916016,"#5c5c5c
"
743,742,4.601480484008789,"#646464
"
743,517,4.5963945388793945,"#646464
"
744,288,3.072036027908325,"#484848
"
745,705,5.620977401733398,"#727272
"
745,70,5.818351745605469,"#747474
"
746,14,5.583652019500732,"#727272
"
746,715,6.535459518432617,"#7d7d7d
"
746,616,3.650754451751709,"#535353
"
747,748,8.701961517333984,"#929292
"
748,379,4.978392124176025,"#6b6b6b
"
751,749,6.769876956939697,"#7f7f7f
"
751,697,6.240811824798584,"#797979
"
756,452,5.504758834838867,"#717171
"
757,345,6.089529514312744,"#787878
"
758,54,6.836045265197754,"#808080
"
758,597,4.300858974456787,"#5e5e5e
"
759,760,3.0629537105560303,"#484848
"
761,497,2.9083619117736816,"#434343
"
763,537,5.1905999183654785,"#6d6d6d
"
763,174,6.176340103149414,"#797979
"
763,477,4.436183929443359,"#616161
"
767,121,4.234740734100342,"#5d5d5d
"
768,691,6.664968967437744,"#7e7e7e
"
769,607,4.279243469238281,"#5e5e5e
"
771,770,2.5221123695373535,"#343434
"
771,765,2.8429317474365234,"#414141
"
771,764,4.0512800216674805,"#5a5a5a
"
772,473,5.434065818786621,"#707070
"
773,630,4.6950273513793945,"#666666
"
